article_id,year,text
1,2000,在全球化的推动下，企业的市场拓展策略发生了显著变化。过去，企业往往依赖于区域市场的增长，关注点集中在本地市场需求的满足。然而，随着全球供应链和跨国界市场的不断扩展，许多企业意识到跨国并购是实现快速市场扩张的有效手段。尤其是在技术密集型行业，跨国并购不仅能够迅速扩展市场份额，还能在技术和知识方面进行有效整合。比如某知名电子企业通过并购欧洲的一家高科技公司，不仅获得了市场准入，还取得了在新技术领域的竞争优势。尽管如此，跨国并购也伴随着文化整合和管理控制的挑战，许多企业在并购后面临员工流失、整合不顺等问题。因此，企业必须在并购之前做好充分的文化调研和风险评估，以确保并购的长期成功。
2,2001,信息技术革命带来了管理模式的深刻变化，尤其是在供应链管理领域。传统的供应链管理依赖于各环节的经验判断，往往缺乏系统性和实时性。然而，随着大数据技术的引入，企业可以实时分析库存水平、市场需求以及供应商表现，从而优化供应链运作。某制造企业通过部署大数据分析平台，成功减少了30%的库存积压，并将供应链响应速度提高了20%。同时，智能化设备的使用使得数据的采集和分析更加精准，有效减少了人为错误。信息技术还推动了供应链的全球化管理，企业可以远程监控多个国家的生产基地和物流环节，从而提高了全球供应链的透明度和效率。
3,2003,近年来，可持续发展已成为企业战略的重要组成部分，许多企业都将绿色生产纳入其核心竞争力。以汽车行业为例，某知名汽车公司推出了一系列环保车型，并在其生产基地大力推动可再生能源的使用。通过安装太阳能发电设备，该企业的碳排放量减少了50%。与此同时，绿色生产也带来了经济上的回报，环保车型的销量持续增长，成为企业盈利的新引擎。除了环境效益，企业还通过绿色供应链管理与供应商共同合作，确保从原材料采购到产品交付的每一个环节都符合可持续发展的标准。这不仅提高了品牌声誉，也让企业在日益严格的环境法规面前占据了主动。
4,2005,在现代管理实践中，组织文化的转型对企业的成功至关重要。随着劳动力市场的变化，企业越来越重视员工的职业发展和个人成长。例如，某大型科技公司通过实施全面的领导力培养计划，帮助员工在职业生涯的不同阶段获得所需的技能和资源。该公司为高潜力员工提供了一对一的导师指导，定期举办管理技能培训，以及跨部门轮岗机会，从而提高了员工的忠诚度和工作满意度。此外，企业还采用了灵活的工作时间和远程办公制度，给予员工更多的自由度和创造空间。这一系列举措不仅有助于吸引和留住顶尖人才，还提升了企业的整体创新能力和市场竞争力。
5,2007,随着全球资本市场的发展，财务透明度成为了企业治理的重要议题。股东和监管机构对企业信息披露的要求越来越高，尤其是在财务数据的准确性和及时性方面。例如，某跨国公司通过引入先进的财务管理系统，实现了财务数据的实时共享和分析，使得财务报告的编制时间减少了50%。此外，企业还加强了内部审计和风险管理机制，确保财务数据的合规性和准确性。提高财务透明度不仅提升了企业的公众形象，也有助于减少财务舞弊风险，增强了投资者的信任。然而，财务透明度的提升也伴随着更高的合规成本，企业需要在平衡合规性和成本效益之间找到最佳方案。
6,2010,随着技术的迅猛发展，数字化转型已成为许多企业的必然选择。在某制造业巨头的案例中，数字化转型显著提升了其生产效率和市场竞争力。该公司通过引入物联网设备，实现了生产线的全流程监控，自动检测和处理生产过程中的异常情况，减少了人为干预所导致的错误。同时，基于云计算平台的数据整合，使得管理层能够实时掌握企业的运营状态，从而更加精准地进行决策。数字化转型不仅提高了企业的运营效率，还为其开辟了新的收入来源，如数字服务和数据分析业务。然而，数字化的推进也面临着挑战，企业需要持续投入巨大的资源来维护和更新其数字基础设施。
7,2012,随着知识经济时代的到来，创新能力已成为企业核心竞争力的关键要素。某高科技公司通过持续增加研发投入，不断推出具有竞争力的创新产品。该公司将超过20%的年度收入用于研发，并建立了多个国际创新中心，专注于前沿技术的开发。这种高强度的创新投入使得公司在全球市场上保持了领先地位，尤其是在人工智能和5G技术领域。除此之外，企业还积极与大学、研究机构以及初创公司展开合作，构建开放式创新生态系统。通过与外部创新资源的整合，企业不仅提升了创新效率，也降低了技术开发的风险。
8,2015,新兴市场的快速增长促使跨国企业重新思考其全球营销策略。在某快消品公司的案例中，该公司通过本土化策略成功打开了多个新兴市场的局面。公司深入研究了当地的消费习惯和文化差异，专门为不同国家和地区开发了具有本地特色的产品。在营销方面，公司采用了符合本地消费者习惯的社交媒体和电子商务平台，大幅提升了品牌的知名度和市场份额。此外，企业还通过建立本地生产基地，降低了物流成本，并快速响应市场需求。这种本土化策略不仅帮助企业在激烈的全球竞争中脱颖而出，也加强了企业与当地社区的联系。
9,2018,金融危机后，风险管理成为企业的首要任务。某金融机构通过实施全面的风险管理框架，成功度过了经济危机带来的冲击。该公司加强了对资产负债的监控，确保资金流动性始终保持在安全范围内。同时，企业还建立了独立的风险评估部门，定期进行压力测试，预测不同市场环境下的风险暴露水平。通过这些举措，企业不仅减少了潜在的财务损失，还增强了股东和客户的信心。尽管风险管理措施的实施增加了企业的运营成本，但它为企业提供了更加稳健的长期发展基础。
10,2020,随着社会责任意识的提升，企业开始更加注重其对环境和社会的影响。某零售公司每年发布可持续性报告，详细披露其在减少碳排放、节约能源以及推动社会公平方面的努力。该公司通过优化物流和供应链管理，将运输过程中产生的碳排放减少了40%。此外，企业还积极参与公益活动，向贫困地区捐赠了大量物资，并为员工提供志愿者服务机会。这些可持续性举措不仅提升了企业的品牌形象，还增强了员工的归属感和客户的忠诚度。未来，企业社会责任将成为衡量企业成功与否的重要标准之一。
